<?xml version="1.0" encoding="UTF-8"?><?xml-stylesheet type='text/xsl' href='_UpgradeReport_Files/UpgradeReport.xslt'?><UpgradeLog>
<Properties><Property Name="Solution" Value="SummedValues">
</Property><Property Name="Solution File" Value="E:\Kim's teaching\QUT IC\IND270 Object Oriented Programming\Lesson notes\Week 03\Ch06_SummedValues\SummedValues.sln">
</Property><Property Name="Date" Value="Tuesday, 8 November 2011">
</Property><Property Name="Time" Value="8:32 AM">
</Property></Properties><Event ErrorLevel="1" Project="SummedValues" Source="SummedValues.csproj" Description="Your project is targeting .NET Framework 2.0 or 3.0. If your project uses assemblies requiring a newer .NET Framework, your project will fail to build. You can change the .NET Framework version by clicking Properties on the project menu and then selecting a new version in the '.NET Framework' dropdown box. (In Visual Basic, this is located on the Compile tab by clicking the 'Advanced Compiler Options...' button.)">
</Event><Event ErrorLevel="0" Project="SummedValues" Source="SummedValues.csproj" Description="Project converted successfully">
</Event><Event ErrorLevel="3" Project="SummedValues" Source="SummedValues.csproj" Description="Converted">
</Event><Event ErrorLevel="0" Project="" Source="SummedValues.sln" Description="Solution converted successfully">
</Event><Event ErrorLevel="3" Project="" Source="SummedValues.sln" Description="Converted">
</Event><Event ErrorLevel="0" Project="SummedValues" Source="SummedValues.csproj" Description="Scan complete: Upgrade not required for project files.">
</Event></UpgradeLog>